Category,average_rating,total_reviews
EDUCATION,4.4,57645.0
ENTERTAINMENT,4.25,1238948.0
FAMILY,4.3954545454545455,4544623.0
GAME,4.3133333333333335,2397589.0
LIFESTYLE,4.38,42809.0
PERSONALIZATION,4.475,155996.0
PHOTOGRAPHY,4.15,563720.0
SHOPPING,4.2,19950.0
SPORTS,4.3428571428571425,1982017.0
TOOLS,4.2,8010.0
